idx,observed,predicted,lower_bound,upper_bound,is_anomalous,error,threshold
25,28.3747,28.452589571475983,28.322589571475984,28.58258957147598,False,0.005992,0.010000
26,28.146,28.402244180440903,28.272244180440904,28.5322441804409,True,0.019711,0.010000
27,28.1821,28.17358772456646,28.04358772456646,28.30358772456646,False,0.000655,0.010000
28,28.2048,28.20239645242691,28.07239645242691,28.33239645242691,False,0.000185,0.010000
29,27.9402,28.217627689242363,28.087627689242364,28.347627689242362,True,0.021341,0.010000
30,27.8808,27.94495703279972,27.81495703279972,28.07495703279972,False,0.004935,0.010000
31,28.0119,27.8780135512352,27.7480135512352,28.008013551235198,True,0.010299,0.010000
