idx,observed,predicted,lower_bound,upper_bound,is_anomalous,error,threshold
25,15.574,15.622174263000488,15.502174263000487,15.74217426300049,False,0.004015,0.010000
26,15.5777,15.660531997680664,15.540531997680663,15.780531997680665,False,0.006903,0.010000
27,15.5682,15.670129299163818,15.550129299163817,15.79012929916382,False,0.008494,0.010000
28,15.5301,15.635799884796143,15.515799884796142,15.755799884796144,False,0.008808,0.010000
29,15.5657,15.572093486785889,15.452093486785888,15.69209348678589,False,0.000533,0.010000
30,15.5144,15.581571340560913,15.461571340560912,15.701571340560914,False,0.005598,0.010000
31,15.4806,15.502109289169312,15.38210928916931,15.622109289169313,False,0.001792,0.010000
