idx,observed,predicted,lower_bound,upper_bound,is_anomalous,error,threshold
25,316.276,312.41588938236237,312.19588938236234,312.6358893823624,True,0.175460,0.010000
26,317.226,316.4462094306946,316.22620943069455,316.6662094306946,True,0.035445,0.010000
27,317.38,317.41559612751007,317.19559612751004,317.6355961275101,False,0.001618,0.010000
28,317.286,317.51976335048676,317.2997633504867,317.7397633504868,True,0.010626,0.010000
29,317.063,317.37290012836456,317.15290012836454,317.5929001283646,True,0.014086,0.010000
30,316.386,317.0946168899536,316.8746168899536,317.31461688995364,True,0.032210,0.010000
31,315.812,316.3623608350754,316.14236083507535,316.5823608350754,True,0.025016,0.010000
