idx,is_anomalous,error,threshold
25,True,0.010279,0.010000
26,False,0.000564,0.010000
27,False,0.000025,0.010000
28,False,0.000064,0.010000
29,False,0.000218,0.010000
30,False,0.000364,0.010000
31,False,0.000245,0.010000
